Player,TEAM,PLAYOFF,PPG,TS%,USG%,OWS,DWS,WS,WS.48,OBPM,DBPM,BPM,VORP,SALARY
A.J. Green,MIL,1,9.2,0.621,12.6,1.6,1.3,2.8,0.082,-1.7,-0.4,-2.2,-0.1,2120693
A.J. Lawson,TOR,0,12.7,0.542,20,0.4,0.4,0.8,0.081,-1.5,-1,-2.5,-0.1,100000
Aaron Holiday,HOU,1,12.2,0.594,16.8,1.2,0.8,2,0.122,-0.4,0.1,-0.2,0.3,4668000
Aaron Nesmith,IND,1,14.6,0.653,17.4,1.9,1,2.9,0.126,0,-0.5,-0.5,0.4,11000000
Aaron Wiggins,OKC,1,16.1,0.596,20.3,2.7,2.7,5.4,0.148,1.3,-0.2,1.1,1.4,10514017
Adem Bona,PHI,0,16.5,0.714,14.3,1.4,0.9,2.3,0.121,-2.9,0.2,-2.7,-0.2,1157153
Ajay Mitchell,OKC,1,12,0.587,16.2,0.6,0.9,1.5,0.122,-2.5,0.9,-1.6,0.1,3000000
Al Horford,BOS,1,12.9,0.563,13.8,2,2.4,4.4,0.129,0.1,1.1,1.2,1.3,9500000
Alec Burks,MIA,1,12.8,0.608,16.5,0.9,0.9,1.8,0.1,0,0.3,0.3,0.5,2087519
Alex Caruso,OKC,1,15.9,0.568,15.2,1.6,2.3,3.9,0.18,0.1,3.9,4,1.6,9890000
Alex Len,WAS,0,10.6,0.525,10.3,0.2,0.4,0.7,0.083,-3.9,1.2,-2.6,-0.1,2831348
Alperen Sengun,HOU,1,21.4,0.545,26.2,4.1,4.2,8.3,0.166,2.6,1.8,4.4,3.9,5424654
Amen Thompson,HOU,1,18.7,0.602,17.5,4.1,3.9,8,0.172,1.4,2.6,4.1,3.4,9249960
Amir Coffey,LAC,1,11.2,0.614,15.3,2.4,1.7,4,0.111,-1.5,-0.2,-1.7,0.1,3938271
Andre Drummond,PHI,0,16,0.535,19.1,0.2,1,1.2,0.078,-2.4,-0.8,-3.2,-0.2,5000000
Andrew Nembhard,IND,1,11.7,0.545,16.3,1.1,1.7,2.8,0.071,-2.6,0.3,-2.3,-0.1,2019699
Anthony Black,ORL,1,11.6,0.521,19.6,-0.6,3,2.4,0.061,-3.1,1.2,-1.9,0,7607760
Antonio Reeves,NOP,0,11.7,0.579,18.8,0.4,0,0.4,0.029,-1.2,-2,-3.2,-0.2,1157153
Ausar Thompson,DET,1,17.2,0.568,19.1,1.5,2.4,3.8,0.138,-0.8,2.5,1.7,1.2,8376000
Ayo Dosunmu,CHI,0,12.8,0.585,16.6,1.6,1,2.5,0.087,-1.4,-0.2,-1.6,0.1,7000000
Baylor Scheierman,BOS,1,10.3,0.49,14.5,0.2,0.5,0.7,0.089,-2.5,0.8,-1.7,0,2494320
Ben Sheppard,IND,1,9.2,0.555,11.3,1,1,2.1,0.081,-2.2,0.2,-2,0,2663880
Bismack Biyombo,SAS,0,12.2,0.576,12.3,0.2,0.6,0.8,0.071,-3.6,0,-3.6,-0.2,647851
Bol Bol,PHO,0,18.4,0.627,21.1,0.6,0.3,0.9,0.097,1.7,-0.9,0.8,0.3,2087519
Bones Hyland,ATL,0,16,0.576,28.2,0.1,0.4,0.5,0.095,0.9,1.8,2.7,0.3,4158439
Branden Carlson,OKC,1,17.6,0.581,19.3,0.4,0.5,0.9,0.177,0.5,0.8,1.3,0.2,496519
Brandin Podziemski,GSW,1,14.4,0.557,18.3,1.9,2.3,4.2,0.117,-0.1,0.8,0.7,1.2,3519960
Brandon Boston Jr.,NOP,0,12.7,0.535,20,0.2,0.5,0.7,0.033,-2.3,-0.2,-2.5,-0.1,596581
Brandon Miller,CHO,0,14,0.54,27.7,-0.2,0.7,0.4,0.023,0.8,-0.8,0,0.4,11424600
Brandon Williams,DAL,0,18.3,0.634,22.6,0.9,0.4,1.3,0.129,1,-0.1,1,0.4,47989
Brice Sensabaugh,UTA,0,13.4,0.612,21.5,0.9,0.3,1.2,0.042,0.4,-1.6,-1.2,0.3,2571480
Buddy Hield,GSW,1,12.3,0.56,20.5,0.6,2.2,2.8,0.073,-0.7,-0.3,-1,0.5,8780488
Caleb Houstan,ORL,1,9.4,0.605,11.7,0.9,0.9,1.8,0.109,-2.4,0.2,-2.2,0,2019699
Cam Reddish,LAL,1,7.4,0.498,8.8,0,0.6,0.7,0.054,-4.4,1.6,-2.7,-0.1,2463946
Cam Thomas,BRK,0,18,0.575,32.6,0.8,0.4,1.2,0.071,2.8,-2.6,0.3,0.5,4041249
Cam Whitmore,HOU,1,15.5,0.549,23.9,0.6,1.2,1.8,0.106,0.7,-0.4,0.3,0.5,3379080
Cameron Payne,NYK,1,13.8,0.532,20.8,1.3,1,2.3,0.099,-0.1,-0.2,-0.2,0.5,2087519
Cason Wallace,OKC,1,12.3,0.562,12.8,1.8,3.4,5.2,0.133,-1.5,2.6,1,1.5,5555880
Charles Bassey,SAS,0,19,0.597,17.5,0.5,0.6,1.1,0.136,-1.7,0.6,-1.1,0.1,2087519
Chet Holmgren,OKC,1,19.2,0.599,22,1.1,2,3.2,0.173,0.5,1.9,2.4,1,10880640
Chris Boucher,TOR,0,18.7,0.615,21.2,1.7,1,2.7,0.148,2.9,-0.6,2.3,0.9,10810000
Chris Paul,SAS,0,14.7,0.58,14,4.2,1.6,5.7,0.12,0.3,0.5,0.8,1.6,10460000
Christian Braun,DEN,1,16,0.665,15.8,6.2,1.9,8,0.144,0.8,-0.5,0.3,1.6,3089640
Chuma Okeke,PHI,0,15.3,0.641,9.8,0.5,0.1,0.6,0.145,1.6,-1.8,-0.2,0.1,355687
Cody Martin,PHO,0,11.3,0.509,14.7,0.1,1.2,1.3,0.054,-2.8,1.1,-1.7,0.1,8120000
Colby Jones,WAS,0,11.4,0.544,13.7,0.1,0.4,0.6,0.053,-3.3,0.4,-2.8,-0.1,2120693
Cory Joseph,ORL,1,10.9,0.547,12.8,0.6,0.9,1.5,0.114,-2.3,1.4,-0.8,0.2,3303771
Craig Porter Jr.,CLE,1,13.1,0.61,15.9,0.5,0.6,1.1,0.102,0.1,1,1.1,0.4,1891857
Dalano Banton,POR,0,12.9,0.497,24.1,-0.3,1.1,0.8,0.033,-0.6,-0.2,-0.8,0.3,2196970
Dalton Knecht,LAL,1,12.7,0.594,18.5,1.7,1,2.7,0.086,-0.1,-1.7,-1.8,0.1,3819120
Daniel Theis,OKC,1,12.1,0.558,11.6,0.6,0.4,1,0.077,-3.3,0,-3.3,-0.2,2087519
Dante Exum,DAL,0,13.6,0.589,19.6,0.4,0.2,0.6,0.083,-1.2,-1.1,-2.3,0,3150000
David Roddy,ATL,0,11.9,0.561,16,0.1,0.4,0.5,0.062,-1.6,0.1,-1.5,0.1,2967212
Day'Ron Sharpe,BRK,0,19.7,0.568,19.9,1.3,1.4,2.7,0.141,0,0.9,0.9,0.7,3989122
Dean Wade,CLE,1,10.1,0.563,10.4,1.3,1.7,3,0.113,-1,1.2,0.3,0.7,6166667
DeAndre Jordan,DEN,1,15.4,0.621,12.8,0.9,0.9,1.8,0.127,-1.4,0.2,-1.2,0.2,2087519
Delon Wright,NYK,1,9.2,0.44,11.3,0,0.7,0.7,0.053,-2.8,1.4,-1.4,0.1,2087519
Dereck Lively II,DAL,0,20.1,0.704,13.6,2.4,1,3.4,0.199,1.1,2.2,3.3,1.1,5014560
Derrick Jones Jr.,LAC,1,13.5,0.609,16.5,2.1,2.6,4.7,0.12,-1,0.7,-0.3,0.8,9523810
Devin Carter,SAC,0,10.8,0.471,17.9,-0.1,0.4,0.4,0.043,-3.5,0.3,-3.2,-0.1,4689000
Dominick Barlow,ATL,0,14.6,0.58,14.5,0.7,0.3,1,0.131,-1.4,-0.8,-2.2,0,491887
Donovan Clingan,POR,0,17.4,0.574,14.2,1.8,2.2,4,0.144,-1.7,1.4,-0.3,0.6,6836400
Doug McDermott,SAC,0,9.5,0.617,15.7,0.4,0.1,0.4,0.061,-0.8,-2.4,-3.2,-0.1,2087519
Drew Eubanks,LAC,1,15.6,0.622,15.1,1,0.7,1.7,0.107,-1.2,0.6,-0.7,0.3,5000000
Duop Reath,POR,0,13.7,0.552,17,0.6,0.4,1,0.105,0.2,-0.5,-0.3,0.2,2048780
Dwight Powell,DAL,0,12.9,0.713,7.6,1.2,0.5,1.7,0.147,-1.5,1.5,0,0.3,4000000
Dyson Daniels,ATL,0,15.6,0.545,18.2,1.3,3.7,5,0.093,-1.1,2.6,1.5,2.3,6059520
Eric Gordon,PHI,0,10.8,0.591,14.4,0.7,0.2,0.9,0.053,-0.8,-0.8,-1.6,0.1,3303771
Evan Mobley,CLE,1,22.3,0.633,23.2,5.3,3.8,9,0.2,3.1,1.5,4.6,3.6,11227657
Franz Wagner,ORL,1,20.1,0.558,31,2.6,3.1,5.6,0.133,2.6,0.5,3.1,2.6,7007092
Garrison Mathews,ATL,0,11.2,0.606,15.9,1,0.5,1.5,0.087,-1.1,-0.5,-1.6,0.1,2230253
Gary Harris,ORL,1,6.9,0.524,9.5,0.1,0.9,1,0.067,-3.9,1.2,-2.7,-0.1,7500000
Gary Payton II,GSW,1,16.2,0.635,16.1,1.5,1.5,3,0.155,-0.5,2,1.4,0.8,9130000
Gary Trent Jr.,MIL,1,11.7,0.591,17.1,1.6,1.7,3.3,0.084,-1.2,-0.4,-1.6,0.2,2087519
Georges Niang,ATL,0,11.2,0.607,17.9,1.5,1.4,2.9,0.081,-1.1,-1.2,-2.3,-0.1,8500000
Goga Bitadze,ORL,1,19.2,0.631,14.3,2.8,3,5.8,0.195,-0.3,2.8,2.5,1.6,9057971
Guerschon Yabusele,PHI,0,14.7,0.616,16.3,2.9,1,3.9,0.099,0.1,-1.1,-1,0.5,2087519
Gui Santos,GSW,1,11.7,0.575,13.2,0.8,0.9,1.7,0.11,-2.2,0.5,-1.7,0.1,1891857
Haywood Highsmith,MIA,1,9.9,0.583,11.3,1.3,2.1,3.3,0.088,-2.7,0.9,-1.9,0.1,5200000
Isaac Jones,SAC,0,15.2,0.678,16.3,0.5,0.2,0.7,0.115,-0.9,-0.8,-1.7,0,152957
Isaac Okoro,CLE,1,10.7,0.587,12.5,1.5,1,2.5,0.115,-1.1,0.6,-0.5,0.4,10185186
Jabari Smith Jr.,HOU,1,12.6,0.562,16.4,1.9,2.2,4.2,0.117,-0.8,0.1,-0.7,0.6,9770880
Jabari Walker,POR,0,15,0.601,16.3,1,1,2,0.128,-1.2,0.5,-0.8,0.2,2019699
Jaden Ivey,DET,1,14.7,0.569,26,0.3,0.8,1.2,0.062,0.8,-0.8,0,0.5,7977240
Jaden Springer,HOU,1,10.7,0.511,14.3,0.1,0.4,0.5,0.07,-4.3,1.6,-2.7,-0.1,4772772
Jae'Sean Tate,HOU,1,12.3,0.557,13.3,0.8,0.8,1.6,0.133,-2.1,1.4,-0.7,0.2,7565217
Jaime Jaquez Jr.,MIA,1,14.3,0.543,20.2,0.5,1.8,2.3,0.081,-1.4,0.5,-0.9,0.4,3685800
Jake LaRavia,SAC,0,12.6,0.591,14.4,1.4,1.5,2.9,0.104,-0.8,1.1,0.2,0.8,3352680
Jalen Duren,DET,1,21.4,0.703,16.4,5.9,3.4,9.2,0.218,1.6,1.5,3.1,2.7,4536840
Jalen Johnson,ATL,0,17.3,0.569,22.5,0.8,1.6,2.4,0.089,0.5,1.4,1.8,1.2,4510905
Jalen Pickett,DEN,1,10.9,0.545,13.2,0.8,0.3,1.1,0.078,-0.8,-0.7,-1.5,0.1,1891857
Jalen Smith,CHI,0,18.7,0.586,21,1.7,1.3,2.9,0.146,1.5,-0.6,0.9,0.7,8571429
Jalen Suggs,ORL,1,14.4,0.536,27.5,-0.7,1.8,1.1,0.052,-0.8,1.3,0.4,0.6,9188385
Jalen Williams,OKC,1,20.3,0.573,27.5,3.7,4.1,7.8,0.168,2.7,1.4,4,3.4,4775760
Jamison Battle,TOR,0,10.7,0.59,15.3,1,0.7,1.7,0.079,-0.9,-1.3,-2.3,-0.1,1000000
Jarace Walker,IND,1,11.9,0.59,17.1,0.1,1.5,1.6,0.065,-1.8,0.8,-0.9,0.3,6362520
Jared Butler,PHI,0,15.6,0.549,23.6,1,0.4,1.4,0.063,0.5,-1.5,-1,0.3,745726
Jared McCain,PHI,0,15.2,0.589,24.7,0.6,0.1,0.7,0.057,1.8,-1.6,0.2,0.3,4020360
Jared Rhoden,TOR,0,16.4,0.602,19.7,0.4,0.2,0.6,0.131,-0.5,0,-0.5,0.1,119972
Jarred Vanderbilt,LAL,1,13.2,0.537,12.5,0.5,0.9,1.4,0.114,-2.3,1.3,-1,0.2,10714286
Javonte Green,NOP,0,10.7,0.541,11.8,0.7,0.9,1.6,0.063,-2.8,0.5,-2.3,-0.1,2328350
Jaxson Hayes,LAL,1,15.8,0.72,12.4,2.3,1.4,3.7,0.162,-1.6,1.3,-0.3,0.5,2463946
Jay Huff,MEM,1,18.2,0.666,19.6,1.6,1,2.5,0.162,2.5,1,3.5,1.1,2088033
Jaylen Clark,MIN,1,12,0.598,12,0.9,0.7,1.6,0.147,-2.9,2.7,-0.2,0.2,492323
Jaylen Wells,MEM,1,10.5,0.56,15.9,2.1,1.4,3.5,0.083,-1.2,-1,-2.2,-0.1,1157153
Jaylin Williams,OKC,1,16.4,0.594,14.6,1.5,1.7,3.3,0.199,1.5,2.7,4.3,1.2,2019699
Jaylon Tyson,CLE,1,11.1,0.523,17.4,0.3,0.5,0.8,0.083,-2.4,-0.2,-2.7,-0.1,3326160
Jeff Green,HOU,1,13.6,0.649,14.7,0.9,0.4,1.3,0.159,0.3,0,0.4,0.2,8000000
Jeremiah Robinson-Earl,NOP,0,12.9,0.563,14.4,1.3,0.5,1.7,0.067,-0.9,-1.6,-2.5,-0.2,2196970
Jeremy Sochan,SAS,0,15.9,0.589,19,1.7,1.1,2.7,0.096,-0.8,-0.4,-1.2,0.3,5570040
Jericho Sims,MIL,1,10,0.639,7.6,0.5,0.7,1.3,0.096,-3.1,0.1,-3,-0.2,2092344
Jevon Carter,CHI,0,12.2,0.509,21,0.1,0.3,0.3,0.046,-1,-1.1,-2.1,0,6500000
Jock Landale,HOU,1,16,0.59,15.7,1,0.7,1.7,0.159,0,0.4,0.4,0.3,8000000
John Konchar,MEM,1,12.1,0.592,8,0.6,0.9,1.5,0.131,-0.7,2.3,1.7,0.5,6165000
Johnny Furphy,IND,1,9.8,0.506,13,0.1,0.5,0.5,0.07,-3,0.6,-2.5,0,1850842
Johnny Juzang,UTA,0,11.8,0.573,17.6,1.3,0.3,1.6,0.06,-0.9,-1.4,-2.3,-0.1,3087519
Jonas Valanciunas,SAC,0,20.8,0.602,22.8,2.6,1.7,4.3,0.137,0.8,-0.1,0.6,1,9900000
Jonathan Kuminga,GSW,1,15.7,0.535,27.4,0.5,1.5,1.9,0.08,-0.5,-0.1,-0.6,0.4,7636307
Jonathan Mogbo,TOR,0,11.9,0.496,15,0.3,1.6,1.9,0.071,-2.9,1,-1.9,0,1862265
Jordan Goodwin,LAL,1,12.1,0.541,14.1,0.2,0.7,1,0.084,-1.7,0.8,-0.8,0.2,223718
Jordan McLaughlin,SAS,0,12.3,0.6,13.3,0.4,0.2,0.6,0.098,-1.6,0,-1.6,0,2087519
Jordan Miller,LAC,1,10.5,0.509,18.2,-0.1,0.5,0.4,0.049,-3,0.2,-2.8,-0.1,1050000
Jose Alvarado,NOP,0,13.4,0.523,19.8,0.7,0.5,1.2,0.043,-0.6,-0.8,-1.4,0.2,1988598
Josh Giddey,CHI,0,18.1,0.57,21.7,2.8,2.5,5.3,0.121,1.9,1.1,3,2.7,8352367
Josh Minott,MIN,1,15.5,0.605,17.2,0.4,0.5,0.9,0.153,-0.7,2.9,2.2,0.3,2019699
Josh Okogie,CHO,0,16.3,0.567,19.5,0.6,0.7,1.3,0.1,-0.1,1.6,1.5,0.6,8250000
Justin Champagnie,WAS,0,15.7,0.614,15.6,1.6,1.2,2.8,0.1,-0.3,-0.2,-0.5,0.5,1800000
Karlo Matkovic,NOP,0,15.6,0.639,15.9,1,0.6,1.6,0.096,-1.9,-0.2,-2,0,1407153
Keegan Murray,SAC,0,12,0.553,15,2.4,2.1,4.4,0.082,-0.8,-0.8,-1.6,0.2,8809560
Kel'el Ware,MIA,1,17.4,0.603,17.2,1.7,2.5,4.1,0.14,-0.7,0.6,-0.1,0.7,4231800
Kelly Oubre Jr.,PHI,0,13.5,0.551,18.9,1.2,1.4,2.6,0.061,-1.7,-0.6,-2.3,-0.1,7983000
Kenrich Williams,OKC,1,13.7,0.587,15.4,1.6,1.9,3.6,0.151,-0.4,0.9,0.6,0.7,6669000
Keon Ellis,SAC,0,13.5,0.664,12.7,2.7,2.2,5,0.122,-0.1,2,1.9,1.9,2120693
Keshad Johnson,MIA,1,19.1,0.718,15.4,0.2,0.2,0.4,0.181,-1,0.9,-0.1,0,724883
Kevin Love,MIA,1,16.2,0.488,24.6,-0.1,0.5,0.4,0.083,-0.3,0.7,0.4,0.2,3850000
Kevin Porter Jr.,MIL,1,15.4,0.531,25.4,-0.1,2.3,2.2,0.072,-1.6,0.9,-0.6,0.5,3366937
Kevon Looney,GSW,1,17,0.535,13.3,2.2,2.1,4.3,0.182,-1,1.3,0.3,0.7,8000000
Killian Hayes,BRK,0,12.7,0.559,15.5,0.2,0.1,0.3,0.095,-0.5,-0.1,-0.6,0.1,119972
Kobe Brown,LAC,1,10.8,0.513,14,0.1,0.4,0.5,0.085,-2.5,0.4,-2.1,0,2533920
Kris Dunn,LAC,1,11.3,0.531,12.7,0.8,3.2,4,0.108,-2.8,3.4,0.6,1.2,5168000
Kyle Anderson,MIA,1,15.1,0.538,15.9,1.3,1.5,2.8,0.135,-0.6,2.2,1.5,0.9,8780488
Kyle Filipowski,UTA,0,14.9,0.594,18.7,1.5,1,2.5,0.078,-0.6,-0.3,-1,0.4,3000000
Kyle Lowry,PHI,0,9.8,0.525,10.1,0.6,0.4,1,0.07,-2.8,1.5,-1.3,0.1,2087519
Kylor Kelley,NOP,0,12.1,0.644,10.3,0.2,0.1,0.3,0.102,-3.5,-1.9,-5.4,-0.1,73153
Landry Shamet,NYK,1,9.7,0.601,14.8,0.5,0.5,1,0.065,-1.9,-0.6,-2.4,-0.1,1343690
Larry Nance Jr.,ATL,0,16,0.632,15.7,0.8,0.5,1.3,0.131,1.1,0.7,1.8,0.4,11205000
Lindy Waters III,DET,1,8.8,0.504,14.8,0.1,0.9,1,0.062,-3,0.2,-2.8,-0.2,2196970
Lonnie Walker IV,PHI,0,13.1,0.548,22.8,0.2,0.1,0.3,0.033,0,-2.4,-2.4,0,780932
Luka Garza,MIN,1,18.8,0.573,26.2,0.4,0.3,0.7,0.144,-0.4,-1.9,-2.3,0,2162606
Luke Kennard,MEM,1,13.6,0.631,14.5,2.6,1.3,3.9,0.127,0.9,0.2,1.1,1.2,9250000
Luke Kornet,BOS,1,19.6,0.683,11.4,4.8,2.2,7,0.246,1.6,1.7,3.3,1.8,2087519
Malik Beasley,DET,1,14.4,0.59,22.5,2.9,1.8,4.7,0.1,2,-1.2,0.8,1.6,6000000
Marcus Sasser,DET,1,14,0.589,19.4,1,0.8,1.8,0.108,-0.4,-0.2,-0.6,0.3,2755080
Mark Williams,CHO,0,23.9,0.647,21.4,3.1,1.6,4.7,0.195,2.5,0.9,3.5,1.6,4094280
Mason Plumlee,PHO,0,14.8,0.645,10.8,2.4,1.3,3.7,0.136,-1.5,1,-0.6,0.5,2087519
Matas Buzelis,CHI,0,12.5,0.571,18.7,0.5,1.4,1.9,0.06,-2,-0.5,-2.5,-0.2,5195520
Matisse Thybulle,POR,0,17,0.592,14.4,0.4,0.6,0.9,0.146,0,5.1,5,0.6,11025000
Mike Conley,MIN,1,13.3,0.573,14.4,3,2.2,5.2,0.142,-0.1,1.3,1.2,1.4,9975962
Miles McBride,NYK,1,12.6,0.531,16.8,1.8,1.4,3.2,0.098,-0.4,0.4,0,0.8,4710144
Mo Bamba,UTA,0,13.9,0.557,15.2,0.2,0.8,1,0.117,-2.7,1.9,-0.9,0.1,2207491
Monte Morris,PHO,0,13.1,0.546,18.1,0.6,0.2,0.8,0.064,-1,-0.8,-1.8,0,2087519
Moritz Wagner,ORL,1,22.3,0.649,26.8,1,1,2,0.174,2.6,1.4,4,0.9,11000000
Moses Brown,IND,1,22.4,0.706,23.5,0.2,0.2,0.4,0.146,-0.3,0.5,0.1,0.1,426632
Moses Moody,GSW,1,12.4,0.578,17.4,1.7,1.8,3.5,0.102,-0.9,0,-0.9,0.5,5803269
Mouhamed Gueye,ATL,0,14.4,0.52,15.7,0.4,0.8,1.2,0.106,-1.6,1,-0.6,0.2,1891857
Moussa Diabate,CHO,0,16.5,0.609,13.4,1.8,1.5,3.2,0.125,-1.4,-0.4,-1.9,0,957763
Naji Marshall,DAL,0,15.1,0.584,20,2,1.5,3.5,0.087,-0.3,-0.5,-0.8,0.6,8571429
Neemias Queta,BOS,1,16.3,0.674,13.7,1.8,1.4,3.2,0.179,-1.7,1,-0.7,0.3,2162606
Nickeil Alexander-Walker,MIN,1,11.6,0.579,16,2,2.3,4.3,0.099,-0.8,0.4,-0.4,0.8,4312500
Nicolas Batum,LAC,1,10.3,0.633,9,1.5,2,3.5,0.124,-1.2,2,0.8,1,4668000
Nikola Jovic,MIA,1,13.8,0.595,18.3,1.2,1.3,2.5,0.104,-0.3,0.6,0.3,0.7,2464200
Ochai Agbaji,TOR,0,12,0.601,14.6,1.6,1.5,3.1,0.087,-0.9,0.2,-0.7,0.5,4310280
Olivier-Maxence Prosper,DAL,0,12.6,0.484,16.3,0.3,0.5,0.9,0.072,-1.6,-0.5,-2.1,0,2870400
Oso Ighodaro,PHO,0,11.1,0.61,10.5,1.1,0.6,1.6,0.075,-2.9,0.3,-2.6,-0.2,1157153
Ousmane Dieng,OKC,1,11.5,0.538,15.7,0.1,0.7,0.9,0.104,-2,1.1,-0.9,0.1,5027040
Pat Connaughton,MIL,1,12.1,0.567,15.6,0.6,0.6,1.2,0.093,-1.4,-0.8,-2.3,0,9423869
Pat Spencer,GSW,1,12.6,0.455,21.2,-0.1,0.4,0.3,0.055,-3,1.4,-1.6,0,438810
Paul Reed,DET,1,18.6,0.573,18,0.6,1,1.6,0.173,-1.2,4,2.9,0.5,3913234
Payton Pritchard,BOS,1,17.6,0.633,19,6.1,2.5,8.6,0.183,3.4,0.2,3.5,3.2,6696429
Pelle Larsson,MIA,1,10.2,0.546,14.4,0.6,0.8,1.4,0.086,-3.8,0.7,-3.1,-0.2,1157153
Peyton Watson,DEN,1,11.4,0.564,13.9,1,1.5,2.5,0.073,-2.1,0.3,-1.8,0.1,2413560
Precious Achiuwa,NYK,1,13.6,0.53,14.9,0.7,1.7,2.3,0.095,-2.1,0.2,-1.9,0,6000000
Quentin Grimes,PHI,0,15.9,0.595,22.8,2,1.4,3.4,0.081,1.3,-0.9,0.4,1.2,4296682
Quinten Post,GSW,1,14.2,0.595,19.6,0.8,0.9,1.7,0.116,0.1,0,0.1,0.4,438920
Reed Sheppard,HOU,1,9.7,0.465,17.8,-0.3,1,0.8,0.055,-3,1.3,-1.7,0.1,10098960
Royce O'Neale,PHO,0,12.6,0.585,15.5,1.6,1.2,2.8,0.073,0.2,-0.1,0.1,1,9375000
Russell Westbrook,DEN,1,14.3,0.532,23.8,-0.1,2.1,1.9,0.045,-0.9,-0.2,-1.1,0.5,5631296
Ryan Rollins,WAS,0,14,0.6,18.4,0.7,1,1.7,0.101,-1.4,0.9,-0.5,0.3,1091887
Sam Hauser,BOS,1,12.8,0.632,14.3,2.6,1.8,4.4,0.136,0.9,-0.1,0.8,1.1,2092344
Sam Merrill,CLE,1,11.1,0.583,14.3,1.8,1.5,3.3,0.113,-0.4,0.7,0.3,0.8,2164993
Sandro Mamukelashvili,SAS,0,19.7,0.628,20.8,1.6,0.6,2.2,0.152,3.3,-1,2.3,0.7,2087519
Santi Aldama,MEM,1,16.8,0.588,18.5,2.9,2,5,0.144,2.5,0.7,3.2,2.2,3960531
Scoot Henderson,POR,0,12.5,0.54,22.5,0.4,1.4,1.8,0.049,-1.4,-0.8,-2.2,-0.1,10259160
Scottie Barnes,TOR,0,17.8,0.523,27,0.6,2.9,3.5,0.078,1.5,0.9,2.4,2.3,10130980
Scotty Pippen Jr.,MEM,1,15.8,0.582,19.3,2.4,2.3,4.7,0.133,0,1.8,1.9,1.7,2087519
Seth Curry,CHO,0,12.2,0.616,15.7,1.3,0.5,1.8,0.08,-0.8,-0.9,-1.7,0.1,2087519
Shaedon Sharpe,POR,0,14.5,0.551,25.1,1.3,1.7,3,0.064,0,-1.3,-1.3,0.4,6614160
Shake Milton,LAL,1,11.9,0.563,16.7,0.8,0.5,1.3,0.077,-1.7,-0.5,-2.2,0,2875000
Spencer Dinwiddie,DAL,0,13,0.553,17.9,2.4,1.2,3.7,0.082,-0.9,-0.7,-1.6,0.2,2087519
T.J. McConnell,IND,1,18.4,0.547,23.4,1.5,1.7,3.2,0.109,0.6,0.6,1.2,1.2,9300000
Talen Horton-Tucker,CHI,0,13.8,0.567,21.6,0.6,0.5,1.1,0.075,-1.4,-1.1,-2.4,-0.1,2087519
Tari Eason,HOU,1,18.5,0.567,19.4,2.1,2.9,5,0.169,1,2.6,3.6,2,3695160
Taurean Prince,MIL,1,9.8,0.613,12.5,1.3,2.2,3.5,0.077,-2,0.3,-1.7,0.1,2087519
Terance Mann,ATL,0,12,0.584,14.7,1.7,1.3,3,0.101,-1.4,0,-1.3,0.2,11423077
Terrence Shannon Jr.,MIN,1,11.9,0.56,17.7,0.3,0.4,0.6,0.091,-2.1,0,-2.1,0,2546640
Thomas Bryant,IND,1,17.2,0.614,17.1,1.8,1.2,3.1,0.152,0.7,0,0.6,0.6,2087519
Tony Bradley,IND,1,23.2,0.64,20.1,0.3,0.2,0.4,0.187,1.5,-0.3,1.2,0.1,600545
Torrey Craig,CHI,0,12.9,0.567,14.1,0.4,0.4,0.8,0.122,-1,0.1,-0.9,0.1,3625162
Toumani Camara,POR,0,12.5,0.572,14.4,2.5,2.6,5.2,0.097,-0.9,0.8,-0.1,1.2,1891857
Trayce Jackson-Davis,GSW,1,18.5,0.587,17.1,1.9,1.4,3.4,0.167,0.3,0.9,1.2,0.8,1891857
Tre Jones,CHI,0,16.3,0.617,14.1,2.3,0.6,2.9,0.155,0.5,1,1.5,0.8,9104167
Trey Lyles,SAC,0,12.3,0.551,14.3,1.3,1.2,2.6,0.091,-0.4,-0.3,-0.7,0.4,8000000
Trey Murphy III,NOP,0,17.3,0.598,23.7,3,0.5,3.5,0.091,2.1,-1.4,0.8,1.3,5159854
Ty Jerome,CLE,1,21,0.643,23.6,4.2,1.8,5.9,0.204,3.5,0.8,4.3,2.2,2560975
Tyler Kolek,NYK,1,10.3,0.453,15.8,0.1,0.3,0.4,0.058,-2.6,-0.3,-2.8,-0.1,2087519
Tyrese Martin,BRK,0,10.9,0.533,18.8,0,0.9,0.9,0.033,-1.4,-1.2,-2.6,-0.2,635853
Tyus Jones,PHO,0,14.5,0.585,16.2,4,0.3,4.4,0.096,1.4,-1.3,0.1,1.1,2087519
Vince Williams Jr.,MEM,1,9.2,0.504,17,-0.1,0.5,0.4,0.04,-2.5,-0.3,-2.8,-0.1,2120693
Vit Krejci,ATL,0,12.7,0.661,12.9,1.8,0.8,2.6,0.11,0,0.7,0.7,0.8,2162606
Walker Kessler,UTA,0,20,0.66,13.7,3.6,1.8,5.4,0.149,1.1,0.7,1.8,1.7,2965920
Wendell Moore Jr.,DET,1,11,0.553,13.8,0.2,0.5,0.7,0.063,-2.6,-0.1,-2.7,-0.1,2537040
Zach Edey,MEM,1,18.2,0.624,16.4,2.7,2.2,4.9,0.165,-0.2,0.1,-0.1,0.7,5756880
Zeke Nnaji,DEN,1,12,0.574,12.2,0.6,0.6,1.2,0.097,-2.1,0.7,-1.3,0.1,8888889
Ziaire Williams,BRK,0,11.9,0.55,18.2,0.5,1.6,2.1,0.065,-2.2,-0.1,-2.3,-0.1,6133005
